old_name,new_name,bin_1,bin_2,bin_3
FGF14_45618,M45618,CTTTCTGTGAAGAAGAAG,CTTTCTGTGAAGAGAAGG,rest
FGF14_79607,M79607,CTTTCTGTTAGTCATAGTACCCC,CTTTCTGTGAAG,rest
FGF14_80329,M80329,CTTTCTGAG,CTTTCTGTG,rest
FGF14_80331,M80331,CTTTCTGTTAGTCATAGTACCCC,CTTTCTGTGGAAG,rest
FGF14_80332,M80332,CTTTCTGTGAAGAGAAGA,CTTTCTGTGAAGAAGAAG,rest
FGF14_80357,M80357,CTTTCTGTTAGTCATAGTACCCC,CTTTCTGTGAAG,rest
FGF14_80431,M80431,CTTTCTGAG,CTTTCTGTG,rest
FGF14_80545,M80545,CTTTCTGTTAGTCATAGTACCCC,CTTTCTGGAAG,rest
FGF14_80548,M80548,CTTTCTGTGAAGAAGAAAG,CTTTCTGTGAAGAAGAAGA,rest
FGF14_80689,M80689,CTTTCTGTTAGTCATAGTACCCC,CTTTCTGGAAG,rest
FGF14_80920,M80920,CTTTCTGTTAGTCATAGTACCCC,CTTTCTGTGAAG,rest
FGF14_80996,M80996,CTTTCTGTTAGTCATAGTACCCC,CTTTCTGTGAAG,rest
FGF14_81456,M81456,CTTTCTGAG,CTTTCTGTG,rest
FGF14_81457,M81457,CTTTCTGTTAGTCATAGTACCCC,CTTTCTGTGAAG,rest
FGF14_82415,M82415,CTTTCTGTTAGTCATAGTACCCC,CTTTCTGGGAAG,CTTTCTGTGAAG
FGF14_82898,M82898,CTTTCTGTG & <200,CTTTCTGTG & >=200,rest
FGF14_83825,M83825,CTTTCTGTGAAGAGAAGA,CTTTCTGTGAAGAAGAAG,rest
FGF14_84267,M84267,CTTTCTGTTAGTCATAGTACCCC,CTTTCTGTGAAG,rest
FGF14_84415,M84415,CTTTCTGTTAGTCATAGTACCCC,CTTTCTGTGAAG,rest
FGF14_86967,M86967,CTTTCTGTTAGTCATAGTACCCC,CTTTCTGAGAAG,rest
FGF14_87668,M87668,CTTTCTGTTAGTCATAGTACCCC,CTTTCTGTGAAG,rest
FGF14_87859,M87859,CTTTCTGTGAAGAAGAAGACG,CTTTCTGTGAAGAGAAGA,rest
FGF14_88489,M88489,CTTTCTGTTAGTCATAGTACCCC,CTTTCTGTGAAG,rest
FGF14_90120,M90120,CTTTCTGTTAGTCATAGTACCCC,CTTTCTGTGAAG,rest
FGF14_90982,M90982,CTTTCTGTTAGTCATAGTACCCC,CTTTCTGTGAAG,rest
FGF14_91143,M91143,CTTTCTGTTAGTCATAGTACCCC,CTTTCTGTGAAG,rest
FGF14_91231,M91231,CTTTCTGTTAGTCATAGTACCCC,CTTTCTGTGAAG,rest
FGF14_91423,M91423,CTTTCTGTTAGTCATAGTACCCC,CTTTCTGTGAAG,rest
FGF14_92042,M92042,CTTTCTGTTAGTCATAGTACCCC,CTTTCTGGGAAG,rest
FGF14_93354,M93354,CTTTCTGAG,CTTTCTGTG,rest
FGF14_93578,M93578,CTTTCTGTTAGTCATAGTACCCC,CTTTCTGTGAAG,rest
FGF14_93580,M93580,CTTTCTGTTAGTCATAGTACCCC,CTTTCTGTGAAG,rest
FGF14_95081,M95081,CTTTCTGTTAGTCATAGTACCCC,CTTTCTGTGAAG,rest
FGF14_95289,M95289,CTTTCTGTTAGTCATAGTACCCC,CTTTCTGTGAAG,rest
FGF14_95404,M95404,CTTTCTGTTAGTCATAGTACCCC,CTTTCTGTGAAG,rest
FGF14_95405,M95405,CTTTCTGTTAGTCATAGTACCCC,CTTTCTGTGAAG,rest
FGF14_95406,M95406,CTTTCTGTTAGTCATAGTACCCC,CTTTCTGTGAAG,rest
FGF14_95407,M95407,CTTTCTGTGGAAG,CTTTCTGTGAAG,rest
FGF14_95408,M95408,CTTTCTGTG & no AACAAG,CTTTCTGTG & 2x AACAAG,rest
FGF14_95411,M95411,CTTTCTGTGAAG,CTTTCTGTTAGTCATAGTACCAG,rest
FGF14_95412,M95412,CTTTCTGTTAGTCATAGTACCCC,CTTTCTGTTAGTCATAGTACCAG,rest
FGF14_95716,M95716,CTTTCTGTGAAGAGAA,CTTTCTGTGAAGAAAG,rest
FGF14_96397,M96397,CTTTCTGTTAGTCATAGTACCCC,CTTTCTGTGAAG,rest
FGF14_96642,M96642,CTTTCTGTTAGTCATAGTACCCC,CTTTCTGGGAAG,rest
FGF14_96652,M96652,CTTTCTGTGAAGAAGAAG,CTTTCTGTGAAGAGAAGA,rest
FGF14_96701,M96701,CTTTCTGTG & 1x AGGAGGAGGA,CTTTCTGTG & no AGGAGGAGGA,rest
FGF14_96714,M96714,CTTTCTGTTAGTCATAGTACCCC,CTTTCTGTGAAG,rest
FGF14_96715,M96715,CTTTCTGTGGAAG,CTTTCTGTGAAG,rest
FGF14_97038,M97038,CTTTCTGTTAGTCATAGTACCCC,CTTTCTGTGAAG,rest
